RewriteEngine On 
RewriteCond %{HTTPS} !=on
RewriteRule ^(.*)$ https://%{HTTP_HOST}/$1 [L,R=301]
RewriteCond %{HTTP_HOST} !^www\.
RewriteRule ^(.*)$ https://www.%{HTTP_HOST}/$1 [R=301,L]
RewriteRule ^(.*)$ public/ [L]
Redirect 301 /public/404 https://www.especialrentals.com/404
Redirect 301 /index.php/404 https://www.especialrentals.com/404
Redirect 301 /properties https://www.especialrentals.com/property
Redirect 301 /public/paris/serviced-apartment/le-marais/studio-apartment-in-the-heart-of-le-marais-for-monthly-stay https://www.especialrentals.com/paris/serviced-apartment/le-marais/studio-apartment-in-the-heart-of-le-marais-for-monthly-stay
Redirect 301 /public/london/vacation-rental/marylebone/3-bedroom-apartment-in-marlo-london  https://www.especialrentals.com/property/vacation-rental/marylebone/3-bedroom-apartment-in-marlo-london
Redirect 301 /index.php/property/detail/136  https://www.especialrentals.com/property/detail/136
Redirect 301 /public/uploads/property-image/124 https://www.especialrentals.com/
Redirect 301 /public/uploads/property_image/124 https://www.especialrentals.com/
Redirect 301 /public/uploads/property-image/126 https://www.especialrentals.com/
Redirect 301 /public/uploads/property_image/204 https://www.especialrentals.com/
Redirect 301 /public/uploads/property-image/285 https://www.especialrentals.com/
Redirect 301 /public/uploads/property_image/103 https://www.especialrentals.com/
Redirect 301 /index.php/public/uploads/property-image/18 https://www.especialrentals.com/
Redirect 301 /public/uploads/property_image/18 https://www.especialrentals.com/
Redirect 301 /public/uploads/property_image/18/ https://www.especialrentals.com
Redirect 301 /index.php/terms-privacy  https://www.especialrentals.com/terms-privacy
Redirect 301 /index.php/public/uploads/property-image/366 https://www.especialrentals.com/404
Redirect 301 /public/uploads/property-image/366 https://www.especialrentals.com/404
Redirect 301 /public/uploads/property_image/366 https://www.especialrentals.com/404
Redirect 301 /public/uploads/property_image/366 https://www.especialrentals.com/404
Redirect 301 /index.php/public/uploads/property-image/123 https://www.especialrentals.com/404
Redirect 301 /public/uploads/property-image/123 https://www.especialrentals.com/404
Redirect 301 /public/uploads/property_image/123 https://www.especialrentals.com/404
Redirect 301 /public/uploads/property_image/123 https://www.especialrentals.com/404
Redirect 301 /public/uploads/property_image/123 https://www.especialrentals.com/404
Redirect 301 /index.php/public/uploads/property-image/132 https://www.especialrentals.com/404
Redirect 301 /public/uploads/property-image/132 https://www.especialrentals.com/404
Redirect 301 /public/uploads/property_image/132 https://www.especialrentals.com/404                                  									
Redirect 301 /public/uploads/property_image/98/ https://www.especialrentals.com/404
Redirect 301 /index.php/property https://www.especialrentals.com/404
Redirect 301 /public/uploads/property_image/240 https://www.especialrentals.com/404
Redirect 301 /index.php/public/uploads/property-image/205 https://www.especialrentals.com/404
Redirect 301 /public/uploads/property-image/205 https://www.especialrentals.com/404
Redirect 301 /public/uploads/property_image/205 https://www.especialrentals.com/404
Redirect 301 /public/uploads/property_image/205 https://www.especialrentals.com/404
Redirect 301 /public/uploads/property-image/144 https://www.especialrentals.com/404
Redirect 301 /index.php/dublin-vacation-rentals?page=14 https://www.especialrentals.com/dublin-vacation-rentals?page=14
Redirect 301 /index.php/vacation-rental-in-paris https://www.especialrentals.com/vacation-rental-in-paris
Redirect 301 /public/property/detail/646 https://www.especialrentals.com/404 
Redirect 301 /index.php/dublin-vacation-rentals https://www.especialrentals.com/dublin-vacation-rental
Redirect 301 /index.php/vacation-rental-in-london https://www.especialrentals.com/vacation-rental-in-london
Redirect 301 /index.php/vacation-rental-in-newyork https://www.especialrentals.com/vacation-rental-in-newyork
Redirect 301 /index.php/vacation-rental-in-istanbul https://www.especialrentals.com/istanbul
Redirect 301 /${proplink} https://www.especialrentals.com/404
Redirect 301 /london/serviced-apartment/soho/${proplink} https://www.especialrentals.com/404
Redirect 301 /london/vacation-rental/holborn/${proplink} https://www.especialrentals.com/404	
Redirect 301 /london/vacation-rental/holborn/${proplink} https://www.especialrentals.com/404	
Redirect 301 /london/vacation-rental/holborn/${proplink} https://www.especialrentals.com/404
Redirect 301 /london/vacation-rental/holborn/${proplink} https://www.especialrentals.com/404
Redirect 301 /london/vacation-rental/holborn/${proplink} https://www.especialrentals.com/404
Redirect 301 /london/vacation-rental/holborn/${proplink} https://www.especialrentals.com/404
Redirect 301 /london/vacation-rental/holborn/${proplink} https://www.especialrentals.com/404
Redirect 301 /london/vacation-rental/holborn/${proplink} https://www.especialrentals.com/404
Redirect 301 /new-york/vacation-rental/west-village/${proplink} https://www.especialrentals.com/404
Redirect 301 /new-york/vacation-rental/west-village/${proplink} https://www.especialrentals.com/404
Redirect 301 /new-york/vacation-rental/west-village/${proplink} https://www.especialrentals.com/404  
Redirect 301 /new-york/vacation-rental/west-village/${proplink} https://www.especialrentals.com/404
Redirect 301 /istanbul/serviced-apartment/suadiye/${proplink} https://www.especialrentals.com/404
Redirect 301 /istanbul/serviced-apartment/suadiye/${proplink} https://www.especialrentals.com/404
Redirect 301 /london/serviced-apartment/reading/${proplink} https://www.especialrentals.com/404
Redirect 301 /london/serviced-apartment/reading/${proplink} https://www.especialrentals.com/404
Redirect 301 /london/serviced-apartment/lambeth-north/${proplink} https://www.especialrentals.com/404
Redirect 301 /london/serviced-apartment/lambeth-north/${proplink} https://www.especialrentals.com/404
Redirect 301 /london/serviced-apartment/aldgate/${proplink} https://www.especialrentals.com/404
Redirect 301 /london/serviced-apartment/aldgate/${proplink} https://www.especialrentals.com/404
Redirect 301 /london/vacation-rental/chancery-lane/${proplink} https://www.especialrentals.com/404
Redirect 301 /london/vacation-rental/chancery-lane/${proplink} https://www.especialrentals.com/404
Redirect 301 /london/vacation-rental/chancery-lane/${proplink} https://www.especialrentals.com/404
Redirect 301 /london/vacation-rental/chancery-lane/${proplink} https://www.especialrentals.com/404
Redirect 301 /new-york/serviced-apartment/upper-east-side/${proplink} https://www.especialrentals.com/404
Redirect 301 /new-york/vacation-rental/upper-west-side/${proplink} https://www.especialrentals.com/404
Redirect 301 /new-york/serviced-apartment/upper-west-side/${proplink} https://www.especialrentals.com/404
Redirect 301 /new-york/vacation-rental/midtown-west/${proplink} https://www.especialrentals.com/404
Redirect 301 /new-york/serviced-apartment/murray-hillkips-bay/${proplink} https://www.especialrentals.com/404
Redirect 301 /dublin/vacation-rental/hapenny-bridge/${proplink} https://www.especialrentals.com/404
Redirect 301 /dublin/serviced-apartment/grafton-streetst-stephens-green/${proplink} https://www.especialrentals.com/404
Redirect 301 /dublin/serviced-apartment/grafton-streetst-stephens-green/${proplink} https://www.especialrentals.com/404
Redirect 301 /dublin/serviced-apartment/grafton-streetst-stephens-green/${proplink} https://www.especialrentals.com/404
Redirect 301 /dublin/serviced-apartment/grafton-streetst-stephens-green/${proplink} https://www.especialrentals.com/404
Redirect 301 /dublin/serviced-apartment/leopardstown/${proplink} https://www.especialrentals.com/404
Redirect 301 /paris/vacation-rental/marais/${proplink} https://www.especialrentals.com/404
Redirect 301 /paris/vacation-rental/marais/${proplink} https://www.especialrentals.com/404
Redirect 301 /paris/vacation-rental/marais/${proplink} https://www.especialrentals.com/404
Redirect 301 /paris/serviced-apartment/marais/${proplink} https://www.especialrentals.com/404
Redirect 301 /paris/vacation-rental/canal-saint-martin/${proplink} https://www.especialrentals.com/404
Redirect 301 /paris/serviced-apartment/bastille/${proplink} https://www.especialrentals.com/404
Redirect 301 /manchester/serviced-apartment/piccadilly/${proplink} https://www.especialrentals.com/404
Redirect 301 /london/serviced-apartment/holborn/${proplink} https://www.especialrentals.com/404
Redirect 301 /london/serviced-apartment/holborn/${proplink} https://www.especialrentals.com/404
Redirect 301 /london/vacation-rental/clerkenwell/${proplink} https://www.especialrentals.com/404
Redirect 301 /london/serviced-apartment/moorgate/${proplink} https://www.especialrentals.com/404
Redirect 301 /london/vacation-rental/victoria/${proplink} https://www.especialrentals.com/404
Redirect 301 /london/serviced-apartment/old-street/${proplink} https://www.especialrentals.com/404
Redirect 301 /london/suites/chancery-lane/${proplink} https://www.especialrentals.com/404
Redirect 301 /london/suite/clerkenwell/${proplink} https://www.especialrentals.com/404
Redirect 301 /london/serviced-apartment/city-of-london/${proplink} https://www.especialrentals.com/404 
Redirect 301 /london/vacation-rental/blackfriars/${proplink} https://www.especialrentals.com/404
Redirect 301 /london/vacation-rental/aldgate/${proplink} https://www.especialrentals.com/404
Redirect 301 /london/serviced-apartment/chancery-lane/${proplink} https://www.especialrentals.com/404
Redirect 301 /london/serviced-apartment/victoria/${proplink} https://www.especialrentals.com/404
Redirect 301 /london/serviced-apartment/russell-square/${proplink} https://www.especialrentals.com/404
Redirect 301 /london/vacation-rental/russell-square/${proplink} https://www.especialrentals.com/404
Redirect 301 /london/serviced-apartment/oxford-street/${proplink} https://www.especialrentals.com/404
Redirect 301 /london/serviced-apartment/waterloo/${proplink} https://www.especialrentals.com/404
Redirect 301 /london/vacation-rental/islington/${proplink} https://www.especialrentals.com/404
Redirect 301 /london/serviced-apartment/south-kensington/${proplink} https://www.especialrentals.com/404
Redirect 301 /london/vacation-rental/vauxhall/${proplink} https://www.especialrentals.com/404
Redirect 301 /london/vacation-rental/chelsea/${proplink} https://www.especialrentals.com/404
Redirect 301 /london/vacation-rental/westminster/${proplink} https://www.especialrentals.com/404
Redirect 301 /london/vacation-rental/kensington/${proplink} https://www.especialrentals.com/404 
Redirect 301 /london/vacation-rental/oxford-street/${proplink} https://www.especialrentals.com/404
Redirect 301 /london/vacation-rental/london-bridge/${proplink} https://www.especialrentals.com/404
Redirect 301 /london/serviced-apartment/hyde-park/${proplink} https://www.especialrentals.com/404
Redirect 301 /london/serviced-apartment/westminster/${proplink} https://www.especialrentals.com/404
Redirect 301 /london/serviced-apartment/blackfriars/${proplink} https://www.especialrentals.com/404
Redirect 301 /london/vacation-rental/canary-wharf/${proplink} https://www.especialrentals.com/404
Redirect 301 /london/vacation-rental/soho/${proplink} https://www.especialrentals.com/404
Redirect 301 /london/vacation-rental/bloomsbury/${proplink} https://www.especialrentals.com/404
Redirect 301 /london/serviced-apartment/hyde-park/attractive%C2%A02-bedroom-apartment-in-hyde https://www.especialrentals.com/404
Redirect 301 /london/vacation-rental/mayfair/${proplink} https://www.especialrentals.com/404
Redirect 301 /london/serviced-apartment/mayfair/${proplink} https://www.especialrentals.com/404
Redirect 301 /london/serviced-apartment/isle-of-dogs/${proplink} https://www.especialrentals.com/404
Redirect 301 /london/serviced-apartment/vauxhall/${proplink} https://www.especialrentals.com/404
Redirect 301 /london/vacation-rental/south-kensington/${proplink} https://www.especialrentals.com/404
Redirect 301 /new-york/vacation-rental/upper-east-side/${proplink} https://www.especialrentals.com/404
Redirect 301 /new-york/vacation-rental/chelseaflatiron/${proplink} https://www.especialrentals.com/404
Redirect 301 /new-york/serviced-apartment/union-square/${proplink} https://www.especialrentals.com/404
Redirect 301 /new-york/serviced-apartment/chelseaflatiron/${proplink} https://www.especialrentals.com/404
Redirect 301 /new-york/vacation-rental/union-square/${proplink} https://www.especialrentals.com/404
Redirect 301 /new-york/serviced-apartment/financial-district/${proplink} https://www.especialrentals.com/404
Redirect 301 /new-york/vacation-rental/financial-district/${proplink} https://www.especialrentals.com/404
Redirect 301 /new-york/vacation-rental/gramercy/${proplink} https://www.especialrentals.com/404
Redirect 301 /new-york/serviced-apartment/west-village/${proplink} https://www.especialrentals.com/404
Redirect 301 /new-york/serviced-apartment/midtown-east/${proplink} https://www.especialrentals.com/404
Redirect 301 /new-york/vacation-rental/murray-hillkips-bay/${proplink} https://www.especialrentals.com/404
Redirect 301 /dublin/vacation-rental/north-wall/${proplink} https://www.especialrentals.com/404
Redirect 301 /dublin/serviced-apartment/ballsbridge/${proplink} https://www.especialrentals.com/404
Redirect 301 /dublin/vacation-rental/cherrywood/${proplink} https://www.especialrentals.com/404
Redirect 301 /dublin/vacation-rental/ringsendirishtown/${proplink} https://www.especialrentals.com/404
Redirect 301 /dublin/serviced-apartment/blackrock/${proplink} https://www.especialrentals.com/404
Redirect 301 /dublin/serviced-apartment/docklands/${proplink} https://www.especialrentals.com/404
Redirect 301 /dublin/serviced-apartment/portobello/${proplink} https://www.especialrentals.com/404
Redirect 301 /dublin/serviced-apartment/donnybrook/${proplink} https://www.especialrentals.com/404
Redirect 301 /dublin/serviced-apartment/sandymount/${proplink} https://www.especialrentals.com/404
Redirect 301 /dublin/serviced-apartment/trinity-college/${proplink} https://www.especialrentals.com/404
Redirect 301 /dublin/serviced-apartment/grand-canal-dock/${proplink} https://www.especialrentals.com/404
Redirect 301 /dublin/vacation-rental/clontarf/${proplink} https://www.especialrentals.com/404
Redirect 301 /dublin/serviced-apartment/hapenny-bridge/${proplink} https://www.especialrentals.com/404
Redirect 301 /dublin/serviced-apartment/wilton-park/${proplink} https://www.especialrentals.com/404
Redirect 301 /dublin/vacation-rental/leopardstown/${proplink} https://www.especialrentals.com/404
Redirect 301 /dublin/vacation-rental/docklands/${proplink} https://www.especialrentals.com/404
Redirect 301 /dublin/vacation-rentals/santry/${proplink} https://www.especialrentals.com/404
Redirect 301 /dublin/serviced-apartment/ranelagh-and-rathmines/${proplink} https://www.especialrentals.com/404
Redirect 301 /dublin/vacation-rental/sandymount/${proplink} https://www.especialrentals.com/404
Redirect 301 /dublin/serviced-apartment/temple-bar/${proplink} https://www.especialrentals.com/404
Redirect 301 /dublin/vacation-rental/portobello/${proplink} https://www.especialrentals.com/404
Redirect 301 /paris/vacation-rental/notre-dameile-saint-louis/${proplink} https://www.especialrentals.com/404
Redirect 301 /paris/vacation-rental/le-marais/${proplink} https://www.especialrentals.com/404
Redirect 301 /paris/vacation-rental/invalides/${proplink} https://www.especialrentals.com/404
Redirect 301 /paris/vacation-rental/montmartre/${proplink} https://www.especialrentals.com/404
Redirect 301 /paris/vacation-rental/notre-dameile-saint-louis/${proplink} https://www.especialrentals.com/404
Redirect 301 /paris/vacation-rental/le-marais/${proplink} https://www.especialrentals.com/404
Redirect 301 /paris/vacation-rental/invalides/${proplink} https://www.especialrentals.com/404
Redirect 301 /paris/vacation-rental/montmartre/${proplink} https://www.especialrentals.com/404
Redirect 301 /paris/serviced-apartment/louvrepalais-royal/${proplink} https://www.especialrentals.com/404
Redirect 301 /paris/serviced-aparetment/montorgueil/${proplink} https://www.especialrentals.com/404
Redirect 301 /paris/serviced-apartment/vaugirard/${proplink} https://www.especialrentals.com/404
Redirect 301 /paris/serviced-apartment/bercy/${proplink} https://www.especialrentals.com/404
Redirect 301 /paris/serviced-apartment/luxembourg/${proplink} https://www.especialrentals.com/404
Redirect 301 /paris/serviced-apartment/batignolles/${proplink} https://www.especialrentals.com/404
Redirect 301 /paris/vacation-rental/batignolles/${proplink} https://www.especialrentals.com/404
Redirect 301 /paris/vacation-rental/vaugirard/${proplink} https://www.especialrentals.com/404
Redirect 301 /paris/vacation-rental/champs-elysees/${proplink}k https://www.especialrentals.com/404
Redirect 301 /paris/serviced-apartment/champs-elysees/${proplink} https://www.especialrentals.com/404
Redirect 301 /paris/serviced-apartment/opera-madeleine/${proplink} https://www.especialrentals.com/404
Redirect 301 /dublin/serviced-apartment/north-wall/${proplink} https://www.especialrentals.com/404
Redirect 301 /dublin/serviced-apartment/cherrywood/${proplink} https://www.especialrentals.com/404
Redirect 301 /dublin/vacation-rental/blackrock/${proplink} https://www.especialrentals.com/404
Redirect 301 /dublin/serviced-apartment/merrion-square-park/${proplink} https://www.especialrentals.com/404
Redirect 301 /dublin/serviced-apartment/north-strand/${proplink} https://www.especialrentals.com/404
Redirect 301 /dublin/vacation-rental/wilton-park/${proplink} https://www.especialrentals.com/404
Redirect 301 /dublin/serviced-apartment/sandyford/${proplink} https://www.especialrentals.com/404
Redirect 301 /paris/vacation-rental/montorgueil/${proplink} https://www.especialrentals.com/404
Redirect 301 /paris/serviced-apartimen/marais/${proplink} https://www.especialrentals.com/404
Redirect 301 /paris/serviced-apartnebt/le-marais/${proplink} https://www.especialrentals.com/404
Redirect 301 /paris/serviced-apartemnt/marais/${proplink} https://www.especialrentals.com/404
Redirect 301 /paris/serviced-apartemnt/marais/${proplink} https://www.especialrentals.com/404
Redirect 301 /paris/suites/louvrepalais-royal/${proplink} https://www.especialrentals.com/404
Redirect 301 /paris/suites/louvrepalais-royal/${proplink} https://www.especialrentals.com/404
Redirect 301 /paris/vacation-rental/place-des-vosgessaint-paul/${proplink} https://www.especialrentals.com/404
Redirect 301 /paris/serviced-apartment/place-des-vosgessaint-paul/${proplink} https://www.especialrentals.com/404
Redirect 301 /paris/vacation-rental/tour-eiffel/${proplink} https://www.especialrentals.com/404
Redirect 301 /paris/serviced-apartment/opera/${proplink} https://www.especialrentals.com/404
Redirect 301 /paris/suites/trocaderopassy/${proplink} https://www.especialrentals.com/404
Redirect 301 /paris/suites/champs-elysees/${proplink} https://www.especialrentals.com/404
Redirect 301 /paris/serviced-apartment/montorgueil/${proplink} https://www.especialrentals.com/404
Redirect 301 /paris/suite/trocaderopassy/${proplink} https://www.especialrentals.com/404
Redirect 301 /paris/suite/trocaderopassy/${proplink} https://www.especialrentals.com/404
Redirect 301 /paris/vacation-rental/opera/${proplink} https://www.especialrentals.com/404
Redirect 301 /paris/serviced-apartment/tour-eiffel/${proplink} https://www.especialrentals.com/404
Redirect 301 /paris/vacation-rental/saint-germain-des-pres/${proplink} https://www.especialrentals.com/404
Redirect 301 /paris/serviced-apartment/notre-dameile-saint-louis/${proplink} https://www.especialrentals.com/404
Redirect 301 /paris/serviced-apaetment/marais/${proplink} https://www.especialrentals.com/404
Redirect 301 /paris/vacation-rental/opera-madeleine/${proplink} https://www.especialrentals.com/404
Redirect 301 /paris/suite/vaugirard/${proplink} https://www.especialrentals.com/404
Redirect 301 /paris/suites/bercy/${proplink} https://www.especialrentals.com/404 
Redirect 301 /paris/suites/luxembourg/${proplink} https://www.especialrentals.com/404
Redirect 301 /paris/suites/montmartre/${proplink} https://www.especialrentals.com/404
Redirect 301 /paris/vacation-rental/hotel-de-villebeaubourg/${proplink} https://www.especialrentals.com/404
Redirect 301 /paris/serviced-apartmenr/hotel-de-villebeaubourg/${proplink} https://www.especialrentals.com/404
Redirect 301 /paris/vacation-rental/bercy/${proplink} https://www.especialrentals.com/404
Redirect 301 /paris/serviced-apartment/invalides/${proplink} https://www.especialrentals.com/404
Redirect 301 /paris/vacation-rental/luxembourg/${proplink} https://www.especialrentals.com/404
Redirect 301 /paris/vacation-rental/gobelins-place-ditalie/${proplink} https://www.especialrentals.com/404
Redirect 301 /paris/suite/bastille/${proplink} https://www.especialrentals.com/404
Redirect 301 /paris/vacation-rental/madeleine-saint-lazare/${proplink} https://www.especialrentals.com/404
Redirect 301 /paris/vacationrental/lemarais/${proplink} https://www.especialrentals.com/404 
Redirect 301 /paris/vacation-rental/saint-germain-des-pres/${proplink} https://www.especialrentals.com/404
Redirect 301 /paris/serviced-apartment/tour-eiffel/${proplink} https://www.especialrentals.com/404
Redirect 301 /paris/vacation-rental/montparnasse/${proplink} https://www.especialrentals.com/404
Redirect 301 /paris/vacation-rental/montparnasse/${proplink} https://www.especialrentals.com/404

Redirect 301 /paris/vacation-rental/chatelet-les-halles/${proplink} https://www.especialrentals.com/404
Redirect 301 /paris/vacationrental/marais/${proplink} https://www.especialrentals.com/404 
Redirect 301 /paris/suite/chatelet-les-halles/${proplink} https://www.especialrentals.com/404
Redirect 301 /paris/suites/montorgueil/${proplink} https://www.especialrentals.com/404
Redirect 301 /paris/suites/montparnasse/${proplink} https://www.especialrentals.com/404
Redirect 301 /paris/suites/bastille/${proplink} https://www.especialrentals.com/404

Redirect 301 /new-york/vacation-rental/west-village/${proplink}  https://www.especialrentals.com/404
Redirect 301 /dublin/serviced-apartment/blackrock/${proplink} https://www.especialrentals.com/404
Redirect 301 /london/serviced-apartment/mayfair/${proplink} https://www.especialrentals.com/404
Redirect 301 /paris/vacation-rental/place-des-vosgessaint-paul/${proplink} https://www.especialrentals.com/404
Redirect 301 /london/vacation-rental/hammersmith/${proplink} https://www.especialrentals.com/404
Redirect 301 /paris/vacation-rental/marais/${proplink} https://www.especialrentals.com/404
Redirect 301 /london/vacation-rental/oxford-street/${proplink} https://www.especialrentals.com/404
Redirect 301 /property/detail/${proplink} https://www.especialrentals.com/404
Redirect 301 /paris-arrondissements-cit-of-lightslove-romance?page=17 https://www.especialrentals.com/404
Redirect 301 /queries?sort=lowprice&page=31 https://www.especialrentals.com/404
Redirect 301 /${proplink}?page=78 https://www.especialrentals.com/404
Redirect 301 /paris/serviced-apartment/notre-dameile-saint-louis/the-very-heart-of-paris-on-ile-saint-louise-2-bedroom-with-aircon https://www.especialrentals.com/404
Redirect 301 /property/detail/387 https://www.especialrentals.com/404
Redirect 301 /properties?page=73 https://www.especialrentals.com/404
Redirect 301 /uploads/?page=6 https://www.especialrentals.com/404
Redirect 301 /paris-arrondissements-cit-of-lightslove-romance?page=35 https://www.especialrentals.com/404
Redirect 301 /terms-and-conditions?page=81 https://www.especialrentals.com/404
Redirect 301 /terms-and-conditions?page=85 https://www.especialrentals.com/404
Redirect 301 /terms-and-conditions?page=86 https://www.especialrentals.com/404
Redirect 301 /property?page=79 https://www.especialrentals.com/404
Redirect 301 /index.php/public/uploads/property_image/564/2003402711.webp https://www.especialrentals.com/404
Redirect 301 /index.php/public/uploads/property_image/1274/693024801.webp https://www.especialrentals.com/404
Redirect 301 /index.php/public/uploads/property_image/1260/104190396.webp https://www.especialrentals.com/404
Redirect 301 /index.php/public/uploads/property_image/1260/1385820698.webp https://www.especialrentals.com/404
Redirect 301 /queries?page=55 https://www.especialrentals.com/404
Redirect 301 /property/detail/705 https://www.especialrentals.com/404
Redirect 301 /public/plugins/input-mask/phone-codes/phone-codes.json https://www.especialrentals.com/404
Redirect 301 /pro?page=105&sort=maxprice https://www.especialrentals.com/404
Redirect 301 //property?page=105 https://www.especialrentals.com/404
Redirect 301 //property?page=99 https://www.especialrentals.com/404
Redirect 301 /public/uploads/property_image/166 https://www.especialrentals.com/404
Redirect 301 /public/uploads/property_image/603/241684840.webp https://www.especialrentals.com/404
Redirect 301 /property?page=76 https://www.especialrentals.com/404
Redirect 301 /pro?page=8 https://www.especialrentals.com/404
Redirect 301 /public/property?page=77 https://www.especialrentals.com/404
Redirect 301 /index.php/public/uploads/property_image/1274/1804184212.web https://www.especialrentals.com/404p
Redirect 301 /index.php/vacation-rental-in-paris?page=30 https://www.especialrentals.com/404
Redirect 301 /blogdetail/2 https://www.especialrentals.com/404
Redirect 301 /terms-and-conditions?sort=maxprice&page=9 https://www.especialrentals.com/404
Redirect 301 /public/property/detail/300 https://www.especialrentals.com/404 
Redirect 301 /public/public/uploads/property_image/286/1637200291.webp https://www.especialrentals.com/404
Redirect 301 /index.php/public/uploads/property_image/1086/266926211.webp https://www.especialrentals.com/404
Redirect 301 /paris/quartier-latinpantheon/jardin-des-plantes-4-bedroom-apartment-with-aircon https://www.especialrentals.com/404
Redirect 301 /property/detail/408 https://www.especialrentals.com/404
Redirect 301 /public/public/uploads/property_image/286/1570429494.webp https://www.especialrentals.com/404
Redirect 301 /index.php/public/uploads/property_image/561/1100992361.webp https://www.especialrentals.com/404
Redirect 301 /index.php/public/uploads/property_image/797/194295396.webp https://www.especialrentals.com/404
Redirect 301 /pro?page=25 https://www.especialrentals.com/404
Redirect 301 /index.php/public/uploads/property_image/1274/1080013734.webp https://www.especialrentals.com/404
Redirect 301 /public/public/uploads/property_image/964/1962141135.webp https://www.especialrentals.com/404
Redirect 301 /index.php/public/uploads/property_image/761/1930876109.webp https://www.especialrentals.com/404
Redirect 301 /public/public/uploads/property_image/1195/1722719489.webp https://www.especialrentals.com/404
Redirect 301 /public/public/uploads/property_image/1184/41933884.webp https://www.especialrentals.com/404
Redirect 301 /public/public/uploads/property_image/1206/1459305442.webp https://www.especialrentals.com/404
Redirect 301 /public/public/uploads/property_image/1164/1083524967.webp https://www.especialrentals.com/404
Redirect 301 /public/public/uploads/property_image/1240/1765948718.webp https://www.especialrentals.com/404
Redirect 301 /index.php/public/uploads/property_image/1260/1946995378.webp https://www.especialrentals.com/404
Redirect 301 /index.php/public/uploads/property_image/1274/1991955099.webp https://www.especialrentals.com/404
Redirect 301 /public/public/uploads/property_image/295/1327547878.webp https://www.especialrentals.com/404
Redirect 301 /public/public/uploads/property_image/990/64254328.webp https://www.especialrentals.com/404
Redirect 301 /public/public/uploads/property_image/286/1039789201.webp https://www.especialrentals.com/404
Redirect 301 /public/public/uploads/property_image/1243/305940495.webp https://www.especialrentals.com/404
Redirect 301 /public/public/uploads/property_image/1094/1189823009.webp https://www.especialrentals.com/404
Redirect 301 /terms-and-conditions?page=99 https://www.especialrentals.com/404
Redirect 301 /index.php/public/uploads/property_image/1260/858981292.webp https://www.especialrentals.com/404
Redirect 301 /property?page=103 https://www.especialrentals.com/404
Redirect 301 /property?page=11 https://www.especialrentals.com/404
Redirect 301 /public/public/uploads/property_image/295/362954877.webp https://www.especialrentals.com/404
Redirect 301 /public/public/uploads/property_image/1223/1488279255.webp https://www.especialrentals.com/404
Redirect 301 /property?country_name=London&page=10 https://www.especialrentals.com/404
Redirect 301 /property?page=8 https://www.especialrentals.com/404
Redirect 301 /index.php/property?page=8 https://www.especialrentals.com/404
Redirect 301 /public/public/uploads/property_image/130/1060101582.webp https://www.especialrentals.com/404

Redirect 301 /istanbul/serviced-apartment/suadiye/${proplink} https://www.especialrentals.com/404
Redirect 301 /dublin-vacation-rentals?page=20 https://www.especialrentals.com/404
Redirect 301 /paris/serviced-apartment/marais/cosy-2-bedroom-in-the-heart-of-marais-for-rent https://www.especialrentals.com/404
Redirect 301 /vacation-rental-in-paris?page=33 https://www.especialrentals.com/404
Redirect 301 /vacation-rental-in-paris?page=30 https://www.especialrentals.com/404
Redirect 301 /vacation-rental-in-paris?page=32 https://www.especialrentals.com/404
Redirect 301 /vacation-rental-in-paris?page=35 https://www.especialrentals.com/404
Redirect 301 /vacation-rental-in-paris?page=31 https://www.especialrentals.com/404
Redirect 301 /vacation-rental-in-paris?page=34 https://www.especialrentals.com/404
Redirect 301 /vacation-rental-in-paris?page=56 https://www.especialrentals.com/404
Redirect 301 /vacation-rental-in-paris?page=17 https://www.especialrentals.com/404
Redirect 301 /index.php/vacation-rental-in-paris?page=17 https://www.especialrentals.com/404
Redirect 301 /vacation-rental-in-paris?page=23 https://www.especialrentals.com/404
Redirect 301 /index.php/vacation-rental-in-paris?page=23 https://www.especialrentals.com/404
Redirect 301 /vacation-rental-in-paris?page=24 https://www.especialrentals.com/404
Redirect 301 /index.php/vacation-rental-in-paris?page=24 https://www.especialrentals.com/404
Redirect 301 /vacation-rental-in-paris?page=30 https://www.especialrentals.com/404
Redirect 301 /vacation-rental-in-paris?page=45 https://www.especialrentals.com/404
Redirect 301 /dublin-vacation-rentals?page=7 https://www.especialrentals.com/404
Redirect 301 /vacation-rental-in-london?sort=lowprice&page=5 https://www.especialrentals.com/404
Redirect 301 /vacation-rental-in-paris?sort=lowprice&page=30 https://www.especialrentals.com/404
Redirect 301 /dublin-vacation-rentals?page=14 https://www.especialrentals.com/404
Redirect 301 /dublin-vacation-rentals?page=19 https://www.especialrentals.com/404
Redirect 301 /vacation-rental-in-paris?page=15 https://www.especialrentals.com/404
Redirect 301 /index.php/vacation-rental-in-paris?page=15 https://www.especialrentals.com/404
Redirect 301 /vacation-rental-in-paris?sort=maxprice&page=40 https://www.especialrentals.com/404
Redirect 301 /vacation-rental-in-paris?page=29 https://www.especialrentals.com/404
Redirect 301 /index.php/vacation-rental-in-paris?page=29 https://www.especialrentals.com/404
Redirect 301 /property/detail/865 https://www.especialrentals.com/404
Redirect 301 /index.php/vacation-rental-in-paris?page=32 https://www.especialrentals.com/404
Redirect 301 /vacation-rental-in-london?page=6 https://www.especialrentals.com/404
Redirect 301 /paris/serviced-apartment/montmartre/1-bedroom-apartment-in-the-heart-of-montmartre https://www.especialrentals.com/404
Redirect 301 /public/paris/serviced-apartment/le-marais/close-to-pompidou-museum-2-bedroom-apartment https://www.especialrentals.com/404
Redirect 301 /vacation-rental-in-london?page=2 https://www.especialrentals.com/404
Redirect 301 /dublin-vacation-rentals?page=4 https://www.especialrentals.com/404
Redirect 301 /vacation-rental-in-london?page=7 https://www.especialrentals.com/404
Redirect 301 /vacation-rental-in-paris?page=32 https://www.especialrentals.com/404
Redirect 301 /vacation-rental-in-london?page=9 https://www.especialrentals.com/404
Redirect 301 /index.php/vacation-rental-in-london?page=9 https://www.especialrentals.com/404
Redirect 301 /vacation-rental-in-paris?sort=maxprice&page=16 https://www.especialrentals.com/404
Redirect 301 /vacation-rental-in-paris?page=37 https://www.especialrentals.com/404
Redirect 301 /index.php/vacation-rental-in-paris?page=37 https://www.especialrentals.com/404
Redirect 301 /vacation-rental-in-paris?page=36 https://www.especialrentals.com/404
Redirect 301 /index.php/vacation-rental-in-paris?page=36 https://www.especialrentals.com/404
Redirect 301 /property/detail/996 https://www.especialrentals.com/404
Redirect 301 /property/detail/112 https://www.especialrentals.com/404
Redirect 301 /property/detail/1176 https://www.especialrentals.com/404
Redirect 301 /property/detail/955 https://www.especialrentals.com/404
Redirect 301 /dublin-vacation-rentals?page=18 https://www.especialrentals.com/404
Redirect 301 /property/detail/1167 https://www.especialrentals.com/404
Redirect 301 /property?country_name=Paris&page=33 https://www.especialrentals.com/404		
Redirect 301 /public/testimonals https://www.especialrentals.com/404				
Redirect 301 /public/about-us https://www.especialrentals.com/404			
				
Redirect 301 /public/make-an-enquiry https://www.especialrentals.com/404				
Redirect 301 /public/contact-us	https://www.especialrentals.com/404			
Redirect 301 /public/terms-privacy https://www.especialrentals.com/404			
Redirect 301 /public/property https://www.especialrentals.com/404				
Redirect 301 /public/policies https://www.especialrentals.com/404			
Redirect 301 /public/faqs https://www.especialrentals.com/404				
				
Redirect 301 /public/uploads/property_image/1018/679343900.webp	https://www.especialrentals.com/404			
Redirect 301 /public/uploads/property_image/958/633064164.webp https://www.especialrentals.com/404			
Redirect 301 /public/uploads/property_image/977/1480725404.webp	https://www.especialrentals.com/404

Redirect 301 /property?page=60 https://www.especialrentals.com/404
Redirect 301 /property?page=81 https://www.especialrentals.com/404
Redirect 301 /property?page=16 https://www.especialrentals.com/404
Redirect 301 /property?page=31 https://www.especialrentals.com/404
Redirect 301 /property?page=27 https://www.especialrentals.com/404
Redirect 301 /property?page=48 https://www.especialrentals.com/404
Redirect 301 /property?page=17 https://www.especialrentals.com/404
Redirect 301 /property?page=26 https://www.especialrentals.com/404
Redirect 301 /property?page=69 https://www.especialrentals.com/404
Redirect 301 /property?page=15 https://www.especialrentals.com/404
Redirect 301 /property?page=28 https://www.especialrentals.com/404
Redirect 301 /property?page=78 https://www.especialrentals.com/404
Redirect 301 /property?page=34 https://www.especialrentals.com/404
Redirect 301 /property?page=22 https://www.especialrentals.com/404
Redirect 301 /property?page=29 https://www.especialrentals.com/404
Redirect 301 /property?page=5 https://www.especialrentals.com/404
Redirect 301 /property?page=3 https://www.especialrentals.com/404
Redirect 301 /property?page=24 https://www.especialrentals.com/404
Redirect 301 /property?page=8 https://www.especialrentals.com/404
Redirect 301 /property?page=63 https://www.especialrentals.com/404
Redirect 301 /property?page=72 https://www.especialrentals.com/404
Redirect 301 /property?page=12 https://www.especialrentals.com/404
Redirect 301 /property?page=12 https://www.especialrentals.com/404
Redirect 301 /property?page=36 https://www.especialrentals.com/404
Redirect 301 /property?page=74 https://www.especialrentals.com/404
Redirect 301 /property?page=44 https://www.especialrentals.com/404
Redirect 301 /property?page=52 https://www.especialrentals.com/404
Redirect 301 /property?page=75 https://www.especialrentals.com/404
Redirect 301 /property?page=61 https://www.especialrentals.com/404
Redirect 301 /property?page=25 https://www.especialrentals.com/404
Redirect 301 /property?page=53 https://www.especialrentals.com/404
Redirect 301 /property?page=19 https://www.especialrentals.com/404
Redirect 301 /property?page=30 https://www.especialrentals.com/404
Redirect 301 /property?page=10 https://www.especialrentals.com/404
Redirect 301 /property?page=43 https://www.especialrentals.com/404
Redirect 301 /property?page=62 https://www.especialrentals.com/404
 
Redirect 301 /property?page=23 https://www.especialrentals.com/404
Redirect 301 /property?page=27 https://www.especialrentals.com/404
Redirect 301 /public/uploads/property-image/306/ https://www.especialrentals.com/404
Redirect 301 /queries?page=53 https://www.especialrentals.com/404
Redirect 301 /blog-list?page=22&sort=maxprice https://www.especialrentals.com/404
Redirect 301 /pro?page=38 https://www.especialrentals.com/404
Redirect 301 /terms-and-conditions?page=15 https://www.especialrentals.com/404
Redirect 301 /blog-list?page=71 https://www.especialrentals.com/404
Redirect 301 /property/detail/1068 https://www.especialrentals.com/404
Redirect 301 /property/detail/839 https://www.especialrentals.com/404
Redirect 301 /queries?sort=maxprice&page=79 https://www.especialrentals.com/404
Redirect 301 /queries https://www.especialrentals.com/404
Redirect 301 /${proplink}?page=65 https://www.especialrentals.com/404
Redirect 301 /public/uploads/property-image/282/ https://www.especialrentals.com/404
Redirect 301 /blog-list?page=38 https://www.especialrentals.com/404
Redirect 301 /property?page=13 https://www.especialrentals.com/404
Redirect 301 /pro?page=26 https://www.especialrentals.com/404
Redirect 301 /property?page=100 https://www.especialrentals.com/404
Redirect 301 /pro?page=16 https://www.especialrentals.com/404
Redirect 301 /blog-list?page=11 https://www.especialrentals.com/404
Redirect 301 /blog-list?sort=maxprice&page=22 https://www.especialrentals.com/404
Redirect 301 /property/detail/107 https://www.especialrentals.com/404
Redirect 301 /public/uploads/property-image/197/ https://www.especialrentals.com/404
Redirect 301 /pro?page=15 https://www.especialrentals.com/404
Redirect 301 /paris-arrondissements-cit-of-lightslove-romance?page=47 https://www.especialrentals.com/404
Redirect 301 /terms-and-conditions?sort=maxprice&page=30 https://www.especialrentals.com/404
Redirect 301 /paris-arrondissements-cit-of-lightslove-romance?page=37 https://www.especialrentals.com/404
Redirect 301 /public/public/uploads/property_image/624/1241698690.webp https://www.especialrentals.com/404
Redirect 301 /blogcomments?page=10 https://www.especialrentals.com/404
Redirect 301 /paris-arrondissements-cit-of-lightslove-romance?page=85 https://www.especialrentals.com/404
Redirect 301 /terms-and-conditions?page=64 https://www.especialrentals.com/404
Redirect 301 /property/detail/362 https://www.especialrentals.com/404
Redirect 301 /public/public/uploads/property_image/806/72086398.webp https://www.especialrentals.com/404
Redirect 301 /public/uploads/property-image/689/ https://www.especialrentals.com/404
Redirect 301 /public/uploads/property-image/20/ https://www.especialrentals.com/404
Redirect 301 /public/uploads/property-image/353 https://www.especialrentals.com/404
Redirect 301 /public/uploads/property-image/463/578254599.webp https://www.especialrentals.com/404
Redirect 301 /blog-list?sort=maxprice&page=98 https://www.especialrentals.com/404
Redirect 301 /property?page=20 https://www.especialrentals.com/404
Redirect 301 /paris-arrondissements-cit-of-lightslove-romance?page=76 https://www.especialrentals.com/404
Redirect 301 /public/public/uploads/property_image/826/1888394179.webp https://www.especialrentals.com/404
Redirect 301 /public/uploads/property-image/211/ https://www.especialrentals.com/404
Redirect 301 /property/detail/98 https://www.especialrentals.com/404
Redirect 301 /index.php/public/uploads/property-image/353 https://www.especialrentals.com/404
Redirect 301 /property/detail/379 https://www.especialrentals.com/404
Redirect 301 /blog-list?sort=maxprice&page=17 https://www.especialrentals.com/404
Redirect 301 /public/uploads/property-image/366/ https://www.especialrentals.com/404
Redirect 301 /public/uploads/property-image/513 https://www.especialrentals.com/404
Redirect 301 /index.php/public/uploads/property-image/513 https://www.especialrentals.com/404
Redirect 301 /public/uploads/property-image/523 https://www.especialrentals.com/404
Redirect 301 /public/public/uploads/property_image/640/1587095456.webp https://www.especialrentals.com/404
Redirect 301 /public/public/uploads/property_image/855/1870069473.webp https://www.especialrentals.com/404
Redirect 301 /public/uploads/property-image/368/ https://www.especialrentals.com/404
Redirect 301 /public/public/uploads/property_image/934/910842025.webp https://www.especialrentals.com/404
Redirect 301 /public/uploads/property-image/463/2075787156.webp https://www.especialrentals.com/404
Redirect 301 /terms-and-conditions?page=2 https://www.especialrentals.com/404
Redirect 301 /index.php/public/uploads/property-image/215 https://www.especialrentals.com/404
Redirect 301 /propertys?sort=maxprice&page=98 https://www.especialrentals.com/404
Redirect 301 /property/detail/48 https://www.especialrentals.com/404
Redirect 301 /public/uploads/property-image/143 https://www.especialrentals.com/404
Redirect 301 /public/uploads/property-image/398 https://www.especialrentals.com/404
Redirect 301 /paris-arrondissements-cit-of-lightslove-romance?page=51 https://www.especialrentals.com/404
Redirect 301 /paris-arrondissements-cit-of-lightslove-romance?page=20 https://www.especialrentals.com/404
Redirect 301 /paris/serviced-apartment/louvrepalais-royal/in-front-of-the-louvre-museum-the-tuileries-garden-3br-3ba-apt https://www.especialrentals.com/404
Redirect 301 /queries?sort=lowprice&page=23 https://www.especialrentals.com/404
Redirect 301 /terms-and-conditions?page=96 https://www.especialrentals.com/404
Redirect 301 /property/info https://www.especialrentals.com/404
Redirect 301 /blog-list?sort=maxprice&page=18 https://www.especialrentals.com/404
Redirect 301 /paris/serviced-apartment/place-des-vosgessaint-paul/${proplink} https://www.especialrentals.com/404
Redirect 301 /paris/suites/bercy/${proplink} https://www.especialrentals.com/404
Redirect 301 /public/public/uploads/property_image/93/1319351261.webp https://www.especialrentals.com/404
Redirect 301 /public/uploads/property-image/752/ https://www.especialrentals.com/404
Redirect 301 /terms-and-conditions https://www.especialrentals.com/404
Redirect 301 /blog-list?sort=maxprice&page=2 https://www.especialrentals.com/404
Redirect 301 /public/uploads/property-image/351 https://www.especialrentals.com/404
Redirect 301 /properties?page=2 https://www.especialrentals.com/404
Redirect 301 /property?page=2 https://www.especialrentals.com/404
Redirect 301 /queries?sort=maxprice&page=1 https://www.especialrentals.com/404
Redirect 301 /public/uploads/property-image/49 https://www.especialrentals.com/404
Redirect 301 /blog-list?page=82 https://www.especialrentals.com/404
Redirect 301 /queries?page=7 https://www.especialrentals.com/404
Redirect 301 /blog-list?page=66 https://www.especialrentals.com/404
Redirect 301 /public/public/uploads/property_image/666/1833097222.webp https://www.especialrentals.com/404
Redirect 301 /public/public/uploads/property_image/148/1248095042.webp https://www.especialrentals.com/404
Redirect 301 /paris-arrondissements-cit-of-lightslove-romance?page=26 https://www.especialrentals.com/404
Redirect 301 /pro?sort=maxprice&page=93 https://www.especialrentals.com/404
Redirect 301 /public/property https://www.especialrentals.com/404
Redirect 301 /blog-list?page=23 https://www.especialrentals.com/404
Redirect 301 /public/public/uploads/property_image/582/1880198277.webp https://www.especialrentals.com/404
Redirect 301 /paris-arrondissements-cit-of-lightslove-romance?page=87 https://www.especialrentals.com/404
Redirect 301 /paris-arrondissements-cit-of-lightslove-romance?page=11 https://www.especialrentals.com/404
Redirect 301 /queries?page=42 https://www.especialrentals.com/404
Redirect 301 /terms-and-conditions?sort=maxprice&page=37 https://www.especialrentals.com/404
Redirect 301 /terms-and-conditions?page=99 https://www.especialrentals.com/404
Redirect 301 /property?page=25 https://www.especialrentals.com/404
Redirect 301 /public/public/uploads/property_image/1291/194614734.webp https://www.especialrentals.com/404
Redirect 301 /public/public/uploads/property_image/1130/1904626553.webp https://www.especialrentals.com/404
Redirect 301 /public/uploads/property-image/308/ https://www.especialrentals.com/404
Redirect 301 /propertys?page=23 https://www.especialrentals.com/404
Redirect 301 /paris-arrondissements-cit-of-lightslove-romance?page=33 https://www.especialrentals.com/404
Redirect 301 /public/uploads/property-image/152/ https://www.especialrentals.com/404
Redirect 301 /public/uploads/property-image/85 https://www.especialrentals.com/404
Redirect 301 /property?page=58 https://www.especialrentals.com/404
Redirect 301 /property?page=74 https://www.especialrentals.com/404
Redirect 301 /property?page=48 https://www.especialrentals.com/404
Redirect 301 /public/plugins/select2/ https://www.especialrentals.com/404
Redirect 301 /property?page=64 https://www.especialrentals.com/404
Redirect 301 /property/detail/191 https://www.especialrentals.com/404
Redirect 301 /property?page=15 https://www.especialrentals.com/404
Redirect 301 /public/public/uploads/property_image/903/1084000452.webp https://www.especialrentals.com/404
Redirect 301 /public/dist/css/alt/ https://www.especialrentals.com/404
Redirect 301 /queries?sort=maxprice&page=99 https://www.especialrentals.com/404
Redirect 301 /blog-list?page=4 https://www.especialrentals.com/404
Redirect 301 /terms-and-conditions?page=23 https://www.especialrentals.com/404
Redirect 301 /terms-and-conditions?sort=maxprice&page=87 https://www.especialrentals.com/404
Redirect 301 /queries?page=2 https://www.especialrentals.com/404
Redirect 301 /paris-arrondissements-cit-of-lightslove-romance?page=104 https://www.especialrentals.com/404
Redirect 301 /public/uploads/property-image/401/ https://www.especialrentals.com/404
Redirect 301 /terms-and-conditions?page=9 https://www.especialrentals.com/404
Redirect 301 /index.php/property?page=103 https://www.especialrentals.com/404
Redirect 301 /paris-arrondissements-cit-of-lightslove-romance?page=13 https://www.especialrentals.com/404
Redirect 301 /public/uploads/property-image/241 https://www.especialrentals.com/404
Redirect 301 /terms-and-conditions?page=35 https://www.especialrentals.com/404
Redirect 301 /pro?page=13 https://www.especialrentals.com/404
Redirect 301 /terms-and-conditions?sort=maxprice&page=105 https://www.especialrentals.com/404
Redirect 301 /queries?page=96&sort=lowprice https://www.especialrentals.com/404
Redirect 301 /property/detail/287 https://www.especialrentals.com/404
Redirect 301 /blogcomments?page=14 https://www.especialrentals.com/404
Redirect 301 /property/detail/1238 https://www.especialrentals.com/404
Redirect 301 /propertys?page=40 https://www.especialrentals.com/404
Redirect 301 /property?page=36 https://www.especialrentals.com/404
Redirect 301 /property/detail/49 https://www.especialrentals.com/404
Redirect 301 /property/detail/156 https://www.especialrentals.com/404
Redirect 301 /queries?sort=lowprice&page=1 https://www.especialrentals.com/404
Redirect 301 /queries?sort=maxprice&page=84 https://www.especialrentals.com/404
Redirect 301 /blogcomments?page=15 https://www.especialrentals.com/404
Redirect 301 /public/public/uploads/property_image/416/1884748699.webp https://www.especialrentals.com/404
Redirect 301 /blog-list?sort=maxprice&page=105 https://www.especialrentals.com/404
Redirect 301 /index.php/property?page=97 https://www.especialrentals.com/404
Redirect 301 /propertys?page=67 https://www.especialrentals.com/404
Redirect 301 /index.php/paris/serviced-apartment/marais/cosy-2-bedroom-in-the-heart-of-marais-for-rent https://www.especialrentals.com/404
Redirect 301 /public/public/uploads/property_image/297/1156655811.webp https://www.especialrentals.com/404
Redirect 301 /property?page=52 https://www.especialrentals.com/404
Redirect 301 /property/detail/90 https://www.especialrentals.com/404
Redirect 301 /paris-arrondissements-cit-of-lightslove-romance?page=38 https://www.especialrentals.com/404
Redirect 301 /queries?page=73 https://www.especialrentals.com/404
Redirect 301 /blog-list?sort=maxprice&page=24 https://www.especialrentals.com/404
Redirect 301 /property/detail/166 https://www.especialrentals.com/404
Redirect 301 /public/uploads/property-image/23/ https://www.especialrentals.com/404
Redirect 301 /public/plugins/iCheck/ https://www.especialrentals.com/404
Redirect 301 /terms-and-conditions?page=87 https://www.especialrentals.com/404
Redirect 301 /public/uploads/property-image/319/ https://www.especialrentals.com/404
Redirect 301 /index.php/property?page=99 https://www.especialrentals.com/404
Redirect 301 /property?page=46 https://www.especialrentals.com/404
Redirect 301 /public/public/uploads/property_image/113/2005818546.webp https://www.especialrentals.com/404
Redirect 301 /public/plugins/ionslider/img/ https://www.especialrentals.com/404
Redirect 301 /${proplink}?page=4 https://www.especialrentals.com/404
Redirect 301 /public/uploads/property-image/506/ https://www.especialrentals.com/404
Redirect 301 /property/detail/68 https://www.especialrentals.com/404
Redirect 301 /public/property/detail/646 https://www.especialrentals.com/404
Redirect 301 /terms-and-conditions?page=63 https://www.especialrentals.com/404
Redirect 301 /propertys?page=17 https://www.especialrentals.com/404
Redirect 301 /public/public/uploads/property_image/550/441190031.webp https://www.especialrentals.com/404
Redirect 301 /${proplink}?page=37 https://www.especialrentals.com/404
Redirect 301 /public/uploads/property-image/502/ https://www.especialrentals.com/404
Redirect 301 /public/terms-privacy https://www.especialrentals.com/404
Redirect 301 /pro?page=66 https://www.especialrentals.com/404
Redirect 301 /public/uploads/property-image/519 https://www.especialrentals.com/404
Redirect 301 /blog-list?page=25 https://www.especialrentals.com/404
Redirect 301 /public/uploads/property-image/228/ https://www.especialrentals.com/404
Redirect 301 /public/public/uploads/property_image/918/1896478345.webp https://www.especialrentals.com/404
Redirect 301 /public/plugins/datatables/extensions/AutoFill/images/ https://www.especialrentals.com/404
Redirect 301 /terms-and-conditions?sort=maxprice&page=35 https://www.especialrentals.com/404
Redirect 301 /public/public/uploads/property_image/286/1637200291.webp https://www.especialrentals.com/404
Redirect 301 /terms-and-conditions?sort=maxprice&page=21 https://www.especialrentals.com/404
Redirect 301 /public/public/uploads/property_image/106/763419584.webp https://www.especialrentals.com/404
Redirect 301 /public/public/uploads/property_image/1003/83919148.webp https://www.especialrentals.com/404
Redirect 301 /london/vacation-rental/aldgate/${proplink} https://www.especialrentals.com/404
Redirect 301 /${proplink}?page=39 https://www.especialrentals.com/404
Redirect 301 /pro?page=75 https://www.especialrentals.com/404
Redirect 301 /terms-and-conditions?sort=lowprice&page=84 https://www.especialrentals.com/404
Redirect 301 /queries?page=1 https://www.especialrentals.com/404
Redirect 301 /terms-and-conditions?sort=maxprice&page=8 https://www.especialrentals.com/404
Redirect 301 /public/uploads/property-image/252 https://www.especialrentals.com/404
Redirect 301 /public/uploads/property-image/184/ https://www.especialrentals.com/404
Redirect 301 /property?page=90 https://www.especialrentals.com/404
Redirect 301 /propertys?page=13 https://www.especialrentals.com/404
Redirect 301 /property?page=85 https://www.especialrentals.com/404
Redirect 301 /propertys?page=51 https://www.especialrentals.com/404
Redirect 301 /queries?sort=maxprice&page=8 https://www.especialrentals.com/404
Redirect 301 /public/uploads/property-image/232 https://www.especialrentals.com/404
Redirect 301 /queries?sort=lowprice&page=91 https://www.especialrentals.com/404
Redirect 301 /propertys?sort=maxprice&page=7 https://www.especialrentals.com/404
Redirect 301  /public/uploads/property-image/587/ https://www.especialrentals.com/404
Redirect 301 /blog-list?page=54 https://www.especialrentals.com/404
Redirect 301 /new-york/vacation-rental/union-square/${proplink} https://www.especialrentals.com/404
Redirect 301 /blog-list?sort=maxprice&page=16 https://www.especialrentals.com/404
Redirect 301 /queries?sort=lowprice&page=28 https://www.especialrentals.com/404
Redirect 301 /blog-list?page=62  https://www.especialrentals.com/404
Redirect 301 /propertys?page=43 https://www.especialrentals.com/404
Redirect 301 /property?page=50 https://www.especialrentals.com/404
Redirect 301 /queries?sort=maxprice&page=100 https://www.especialrentals.com/404
Redirect 301 /property?page=92 https://www.especialrentals.com/404
Redirect 301 /index.php/property?page=105 https://www.especialrentals.com/404
Redirect 301 /property?page=102 https://www.especialrentals.com/404
Redirect 301 /terms-and-conditions?sort=lowprice&page=6 https://www.especialrentals.com/404
Redirect 301 /public/public/uploads/property_image/1003/1203459496.webp https://www.especialrentals.com/404
Redirect 301 /public/uploads/property-image/791/ https://www.especialrentals.com/404
Redirect 301 /paris-arrondissements-cit-of-lightslove-romance https://www.especialrentals.com/404
Redirect 301 /public/public/uploads/property_image/276/323527719.webp https://www.especialrentals.com/404
Redirect 301 /terms-and-conditions?page=90 https://www.especialrentals.com/404
Redirect 301 /properties?page=98 https://www.especialrentals.com/404
Redirect 301 /property?page=98 https://www.especialrentals.com/404
Redirect 301 /blog-list?page=105 https://www.especialrentals.com/404
Redirect 301 /public/uploads/property-image/239/ https://www.especialrentals.com/404
Redirect 301 /terms-and-conditions?sort=maxprice&page=12 https://www.especialrentals.com/404
Redirect 301 /public/uploads/property-image/288 https://www.especialrentals.com/404
Redirect 301 /public/uploads/property-image/123/ https://www.especialrentals.com/404
Redirect 301 /paris-arrondissements-cit-of-lightslove-romance?page=7 https://www.especialrentals.com/404
Redirect 301 /public/public/uploads/property_image/413/1191142731.webp https://www.especialrentals.com/404
Redirect 301 /property/detail/356 https://www.especialrentals.com/404
Redirect 301 /property?page=94 https://www.especialrentals.com/404
Redirect 301 /property?page=55 https://www.especialrentals.com/404
Redirect 301 /property/detail/51 https://www.especialrentals.com/404
Redirect 301 /pro?sort=maxprice&page=99 https://www.especialrentals.com/404
Redirect 301 /public/uploads/property-image/481 https://www.especialrentals.com/404
Redirect 301 /index.php/property/detail/49 https://www.especialrentals.com/404
Redirect 301 /index.php/public/uploads/property-image/491 https://www.especialrentals.com/404
Redirect 301 /index.php/uploads/ https://www.especialrentals.com/404
Redirect 301 /pro?sort=maxprice&page=105 https://www.especialrentals.com/404
Redirect 301 /dublin/serviced-apartment/ranelagh-and-rathmines/${proplink} https://www.especialrentals.com/404
Redirect 301 /terms-and-conditions?page=4 https://www.especialrentals.com/404
Redirect 301 /blog-list?page=43 https://www.especialrentals.com/404
Redirect 301 /propertys?page=18 https://www.especialrentals.com/404
Redirect 301 /property?page=30 https://www.especialrentals.com/404
Redirect 301 /terms-and-conditions?sort=lowprice&page=9 https://www.especialrentals.com/404
Redirect 301 /terms-and-conditions?page=98 https://www.especialrentals.com/404
Redirect 301 /index.php/property/detail/90 https://www.especialrentals.com/404
Redirect 301 /properties?page=105 https://www.especialrentals.com/404
Redirect 301 /property?page=105 https://www.especialrentals.com/404
Redirect 301 /properties?page=99 https://www.especialrentals.com/404

Redirect 301 /pro?page=4 https://www.especialrentals.com/404
Redirect 301 /terms-and-conditions?page=97 https://www.especialrentals.com/404
Redirect 301 /queries?page=13&sort=lowprice https://www.especialrentals.com/404
Redirect 301 /terms-and-conditions?page=3 https://www.especialrentals.com/404
Redirect 301 /queries?page=64 https://www.especialrentals.com/404
Redirect 301 /queries?page=105 https://www.especialrentals.com/404
Redirect 301 /queries?sort=maxprice&page=18 https://www.especialrentals.com/404
Redirect 301 /terms-and-conditions?page=24 https://www.especialrentals.com/404
Redirect 301 /queries?sort=lowprice&page=20 https://www.especialrentals.com/404
Redirect 301 /queries?page=72 https://www.especialrentals.com/404

Redirect 301 /public/paris/serviced-apartment/le-marais/le-marais-stylish-2-bedroom-apartment-with-aircon https://www.especialrentals.com/404
Redirect 301 /public/paris/serviced-apartment/bastille/1-bedroom-apartment-in-opera-bastille-paris https://www.especialrentals.com/404
Redirect 301 /public/dublin/serviced-apartment/grand-canal-dock/grand-canal-dock-2-bedroom-with-private-balcony https://www.especialrentals.com/404
Redirect 301 /pro?sort=maxprice&page=91 https://www.especialrentals.com/404
Redirect 301 /public/paris/serviced-apartment/opera/1-bedroom-apartment-with-long-balcony-in-opera https://www.especialrentals.com/404
Redirect 301 /public/paris/vacation-rental/bastille/1-bedroom-located-between-bastille-marais-with-aircon https://www.especialrentals.com/404
Redirect 301 /public/dublin/vacation-rental/grafton-streetst-stephens-green/furnished-1-bedroom-suite-in-the-heart-of-dublin-2 https://www.especialrentals.com/404
Redirect 301 /queries?sort=lowprice&page=82 https://www.especialrentals.com/404
Redirect 301 /terms-and-conditions?page=25 https://www.especialrentals.com/404
Redirect 301 /terms-and-conditions?sort=maxprice&page=36 https://www.especialrentals.com/404
Redirect 301 /paris-arrondissements-cit-of-lightslove-romance?page=68 https://www.especialrentals.com/404
Redirect 301 /queries?page=40 https://www.especialrentals.com/404
Redirect 301 /queries?page=71  https://www.especialrentals.com/404
Redirect 301 /public/paris/serviced-apartment/le-marais/1-bedroom-apartment-in-the-heart-of-paris https://www.especialrentals.com/404
Redirect 301 /public/paris/vacation-rental/bastille/1-bedroom-located-between-bastille-marais-with-aircon https://www.especialrentals.com/404
Redirect 301 /public/dublin/vacation-rental/grafton-streetst-stephens-green/furnished-1-bedroom-suite-in-the-heart-of-dublin-2 https://www.especialrentals.com/404
Redirect 301 /queries?sort=lowprice&page=82 https://www.especialrentals.com/404
Redirect 301 /public/paris/serviced-apartment/saint-germain-des-pres/saint-germain-des-pres-2-bedroom-with-air-conditioning https://www.especialrentals.com/404
Redirect 301 /paris-arrondissements-cit-of-lightslove-romance?page=57 https://www.especialrentals.com/404
Redirect 301 /pro?sort=maxprice&page=103 https://www.especialrentals.com/404
Redirect 301 /terms-and-conditions?sort=maxprice&page=99 https://www.especialrentals.com/404
Redirect 301 /public/paris/vacation-rental/le-marais/close-to-pompidou-center-2-bedroom-apartment https://www.especialrentals.com/404
Redirect 301  /dublin-vacation-rentals?page=20 https://www.especialrentals.com/404
Redirect 301 /public/paris/vacation-rental/marais/2-bedroom-apartment-near-chatelet-paris https://www.especialrentals.com/404
Redirect 301 /uploads/ https://www.especialrentals.com/404
Redirect 301 /blog-list?page=68 https://www.especialrentals.com/404
Redirect 301 /blog-list?page=24 https://www.especialrentals.com/404
Redirect 301 /blog-list?page=69 https://www.especialrentals.com/404
Redirect 301 /public/uploads/property-image/621 https://www.especialrentals.com/404
Redirect 301 /public/uploads/property-image/319 https://www.especialrentals.com/404



Redirect 301 /public/plugins/jvectormap/ https://www.especialrentals.com/404
Redirect 301 /public/uploads/property-image/683/ https://www.especialrentals.com/404
Redirect 301 /queries?sort=lowprice&page=16 https://www.especialrentals.com/404

Redirect 301 /public/uploads/property-image/503 https://www.especialrentals.com/404
Redirect 301 /public/plugins/datatables/extensions/Scroller/examples/ https://www.especialrentals.com/404
Redirect 301 /404?page=39 https://www.especialrentals.com/404
Redirect 301 /404/detail/1262 https://www.especialrentals.com/404

Redirect 301 /public/uploads/property-image/460 https://www.especialrentals.com/404
Redirect 301 /public/uploads/property-image/77/ https://www.especialrentals.com/404
Redirect 301 /queries?sort=lowprice&page=63 https://www.especialrentals.com/404

Redirect 301 /queries?page=25 https://www.especialrentals.com/404
Redirect 301 /queries?page=24 https://www.especialrentals.com/404

Redirect 301 /public/uploads/property-image/241/ https://www.especialrentals.com/404
Redirect 301 /queries?sort=lowprice&page=18 https://www.especialrentals.com/404
Redirect 301 /public/public/uploads/property_image/131/324402430.webp https://www.especialrentals.com/404

Redirect 301 /queries?sort=lowprice&page=10 https://www.especialrentals.com/404

Redirect 301 /terms-and-conditions?page=22 https://www.especialrentals.com/404


Redirect 301 /terms-and-conditions?page=101 https://www.especialrentals.com/404
Redirect 301 /public/uploads/property-image/91 https://www.especialrentals.com/404


Redirect 301 /queries?sort=lowprice&page=61 https://www.especialrentals.com/404
Redirect 301 /public/uploads/property_image/450/785159107.webp https://www.especialrentals.com/404
Redirect 301 /terms-and-conditions?sort=lowprice&page=12 https://www.especialrentals.com/404
Redirect 301 /index.php/public/uploads/property-image/300 https://www.especialrentals.com/404
Redirect 301 /public/policies https://www.especialrentals.com/404
Redirect 301 /public/uploads/property_image/718/1633414177.webp https://www.especialrentals.com/404
Redirect 301 /public/uploads/property-image/510/ https://www.especialrentals.com/404
Redirect 301 /public/uploads/property-image/411 https://www.especialrentals.com/404
Redirect 301 /public/uploads/property-image/411/ https://www.especialrentals.com/404
Redirect 301 /public/uploads/property_image/330/ https://www.especialrentals.com/404
Redirect 301 /public/uploads/property_image/698/209978716.webp https://www.especialrentals.com/404
Redirect 301 /${proplink}?page=75 https://www.especialrentals.com/404
Redirect 301 /public/uploads/property-image/425/ https://www.especialrentals.com/404
Redirect 301 /404/detail/466 https://www.especialrentals.com/404
Redirect 301 /index.php/public/uploads/property-image/244  https://www.especialrentals.com/404
Redirect 301 /404/detail/859 https://www.especialrentals.com/404
Redirect 301 /queries?sort=maxprice&page=9 https://www.especialrentals.com/404
Redirect 301 /terms-and-conditions?page=72 https://www.especialrentals.com/404
Redirect 301 /public/uploads/property-image/245 https://www.especialrentals.com/404
Redirect 301 /public/uploads/property-image/245/ https://www.especialrentals.com/404
Redirect 301 /public/uploads/property_image/697/1954622695.webp https://www.especialrentals.com/404

Redirect 301 /404/detail/937 https://www.especialrentals.com/404
Redirect 301 /queries?page=16 https://www.especialrentals.com/404
Redirect 301 /404/detail/96 https://www.especialrentals.com/404
Redirect 301 /public/uploads/property_image/168 https://www.especialrentals.com/404
Redirect 301 /public/uploads/property_image/306/64685347.webp https://www.especialrentals.com/404
Redirect 301 /terms-and-conditions?page=92 https://www.especialrentals.com/404
Redirect 301 /public/uploads/property-image/26 https://www.especialrentals.com/404
Redirect 301 /public/uploads/property_image/773/469902199.webp https://www.especialrentals.com/404
Redirect 301 /terms-and-conditions?page=68 https://www.especialrentals.com/404
Redirect 301 /public/uploads/property-image/683 https://www.especialrentals.com/404
Redirect 301 /queries?page=91 https://www.especialrentals.com/404
Redirect 301 /queries?sort=lowprice&page=95 https://www.especialrentals.com/404

Redirect 301 /queries?page=74&sort=lowprice https://www.especialrentals.com/404

Redirect 301 /queries?sort=maxprice&page=11 https://www.especialrentals.com/404
Redirect 301 /terms-and-conditions?page=7&sort=lowprice https://www.especialrentals.com/404
Redirect 301 /public/uploads/property-image/388/ https://www.especialrentals.com/404
Redirect 301 /public/uploads/property-image/542 https://www.especialrentals.com/404
Redirect 301 /public/uploads/property-image/88 https://www.especialrentals.com/404

Redirect 301 /public/uploads/property-image/180 https://www.especialrentals.com/404
Redirect 301 /public/uploads/property_image/481 https://www.especialrentals.com/404
Redirect 301 /index.php/public/uploads/property-image/289 https://www.especialrentals.com/404
Redirect 301 /public/uploads/property_image/426 https://www.especialrentals.com/404
Redirect 301 /public/uploads/property_image/426/ https://www.especialrentals.com/404
Redirect 301 /queries?sort=lowprice&page=31 https://www.especialrentals.com/404
Redirect 301 /index.php/public/uploads/property-image/261 https://www.especialrentals.com/404
Redirect 301 /public/uploads/property_image/39/ https://www.especialrentals.com/404
Redirect 301 /index.php/public/uploads/property-image/369 https://www.especialrentals.com/404
Redirect 301 /public/uploads/property-image/489 https://www.especialrentals.com/404
Redirect 301 /public/uploads/property-image/560 https://www.especialrentals.com/404

Redirect 301 /public/uploads/property_image/412/2121296042.webp https://www.especialrentals.com/404
Redirect 301 /index.php/public/uploads/property-image/346 https://www.especialrentals.com/404
Redirect 301 /public/uploads/property_image/28/ https://www.especialrentals.com/404
Redirect 301 /area/midtown-west/ https://www.especialrentals.com/404
Redirect 301 /public/uploads/property_image/388/ https://www.especialrentals.com/404
Redirect 301 /uploads/?page=6 https://www.especialrentals.com/404
Redirect 301 /public/uploads/property_image/318/ https://www.especialrentals.com/404
Redirect 301 /public/uploads/property-image/433 https://www.especialrentals.com/404
Redirect 301 /public/uploads/property-image/586 https://www.especialrentals.com/404
Redirect 301 /public/frontend/fonts/fontawesome-webfont.eot https://www.especialrentals.com/404
Redirect 301 /public/uploads/property_image/273/ https://www.especialrentals.com/404
Redirect 301 /terms-and-conditions?sort=maxprice&page=5 https://www.especialrentals.com/404

Redirect 301 /public/uploads/property-image/905 https://www.especialrentals.com/404
Redirect 301 /terms-and-conditions?page=62 https://www.especialrentals.com/404
Redirect 301 /terms-and-conditions?page=81 https://www.especialrentals.com/404
Redirect 301 /terms-and-conditions?page=85 https://www.especialrentals.com/404
Redirect 301 /terms-and-conditions?page=86 https://www.especialrentals.com/404
Redirect 301 /public/uploads/property-image/99/ https://www.especialrentals.com/404
Redirect 301 /public/uploads/property_image/132/ https://www.especialrentals.com/404
Redirect 301 /public/uploads/property-image/208 https://www.especialrentals.com/404
Redirect 301 /queries?page=31 https://www.especialrentals.com/404
Redirect 301 /index.php/property/detail/197  https://www.especialrentals.com/404
Redirect 301 /public/uploads/property-image/600/ https://www.especialrentals.com/404
Redirect 301 /public/uploads/property-image/98/ https://www.especialrentals.com/404

Redirect 301 /public/uploads/property_image/132 https://www.especialrentals.com/404
Redirect 301 /public/uploads/property-image/510 https://www.especialrentals.com/404
Redirect 301 /terms-and-conditions?page=24&sort=maxprice https://www.especialrentals.com/404
Redirect 301 /terms-and-conditions?page=32&sort=maxprice https://www.especialrentals.com/404
Redirect 301 /queries?page=55 https://www.especialrentals.com/404
Redirect 301 /public/uploads/property_image/239 https://www.especialrentals.com/404
Redirect 301 /public/uploads/property_image/330 https://www.especialrentals.com/404
Redirect 301 /public/plugins/input-mask/phone-codes/phone-codes.json https://www.especialrentals.com/404
Redirect 301 /public/uploads/property-image/673/ https://www.especialrentals.com/404
Redirect 301 /public/uploads/property_image/214 https://www.especialrentals.com/404

Redirect 301 /public/plugins/datatables/extensions/ColReorder/js/ https://www.especialrentals.com/404
Redirect 301 /public/uploads/property_image/214/ https://www.especialrentals.com/404

Redirect 301 /public/uploads/property-image/329 https://www.especialrentals.com/404
Redirect 301 /public/uploads/property-image/329/ https://www.especialrentals.com/404
Redirect 301 /public/uploads/property-image/881 https://www.especialrentals.com/404
Redirect 301 /public/uploads/property-image/373/ https://www.especialrentals.com/404
Redirect 301 /public/uploads/property_image/165/ https://www.especialrentals.com/404
Redirect 301 /public/uploads/property-image/495 https://www.especialrentals.com/404
Redirect 301 /public/uploads/property_image/166 https://www.especialrentals.com/404
Redirect 301 /public/uploads/property_image/429/ https://www.especialrentals.com/404
Redirect 301 /index.php/public/uploads/property-image/428 https://www.especialrentals.com/404
Redirect 301 /public/uploads/property_image/421 https://www.especialrentals.com/404
Redirect 301 /public/uploads/property-image/165/ https://www.especialrentals.com/404
Redirect 301 /public/uploads/property-image/421/ https://www.especialrentals.com/404
Redirect 301 /index.php/public/uploads/property-image/132 https://www.especialrentals.com/404
Redirect 301 /public/uploads/property-image/208/ https://www.especialrentals.com/404
Redirect 301 /404?page=19 https://www.especialrentals.com/404


Redirect 301 /queries?page=19 https://www.especialrentals.com/404

Redirect 301 /public/property?page=77 https://www.especialrentals.com/404



Redirect 301 /public/london/serviced-apartment/reading/home-away-from-home-2-bedroom-in-reading https://www.especialrentals.com/404
Redirect 301 /public/paris/vacation-rental/notre-dameile-saint-louis/facing-the-saint-merri-duplex-1-bedroom-apartment https://www.especialrentals.com/404
Redirect 301 /public/dublin/vacation-rental/grand-canal-dock/grand-canal-dock-2-bedroom-apartment-with-balcony https://www.especialrentals.com/404
Redirect 301 /public/istanbul/serviced-apartment/suadiye/asian-side-of-istanbul-1-bedroom-apartment-with-street-views https://www.especialrentals.com/404
Redirect 301 /public/partner-with-us https://www.especialrentals.com/404
Redirect 301 /public/montpellier/apartment-suite/antigone/deluxe-1-bedroom-in-antigone-with-aircon-balcony https://www.especialrentals.com/404
Redirect 301 /public/dublin/serviced-apartment/leopardstown/1-bedroom-apartment-for-rent-in-leopardstown-dublin-18 https://www.especialrentals.com/404
Redirect 301 /public/dublin/vacation-rental/ballsbridge/ballsbridge-3-bedroom-apartment-with-a-long-balcony https://www.especialrentals.com/404
Redirect 301 /public/london/serviced-apartment/lambeth-north/lamberth-north-1-bedroom-apartment-in-london https://www.especialrentals.com/404
Redirect 301 /public/dublin/serviced-apartment/grand-canal-dock/dublin-docklands-2-bedroom-overlooking-internal-courtyard https://www.especialrentals.com/404
Redirect 301 /public/new-york/vacation-rental/chelseaflatiron/1c-chelsea-1-bedroom-apartment-with-private-terrace https://www.especialrentals.com/404
Redirect 301 /public/paris/serviced-apartment/luxembourg/studio-apartment-near-luxembourg-gardens-paris https://www.especialrentals.com/404
Redirect 301 /public/london/vacation-rental/islington/studio-apartment-with-aircon-in-islington-london https://www.especialrentals.com/404
Redirect 301 /public/london/vacation-rental/chelsea/chic-2-bedroom-apartment-in-the-heart-of-chelsea https://www.especialrentals.com/404
Redirect 301 /public/dublin/vacation-rental/north-wall/close-to-ifsc-luxury-2-bedroom-apartment-in-dublin-1 https://www.especialrentals.com/404


Redirect 301 /public/dublin/serviced-apartment/wilton-park/dublins-central-business-district-2-bedroom-apartment https://www.especialrentals.com/404

Redirect 301 /public/dublin/serviced-apartment/donnybrook/lux-1-bedroom-apartment-in-the-heart-of-dublin-4 https://www.especialrentals.com/404
Redirect 301 /?id=85 https://www.especialrentals.com/404
Redirect 301 /property?country_name=NewYork&page=13 https://www.especialrentals.com/404
Redirect 301 /property?country_name=NewYork&page=10  https://www.especialrentals.com/404

Redirect 301 /property?country_name=Paris&page=48 https://www.especialrentals.com/404
Redirect 301 /property/detail/871 https://www.especialrentals.com/404                                         
Redirect 301 /public/property/detail/130 https://www.especialrentals.com/404
Redirect 301 /public/property/detail/1213 https://www.especialrentals.com/404
Redirect 301 /public/property/detail/1212 https://www.especialrentals.com/404
Redirect 301 /queries?page=103 https://www.especialrentals.com/404
Redirect 301 /index.php/uploads https://www.especialrentals.com/404
Redirect 301 /queries?page=93&sort=lowprice https://www.especialrentals.com/404

Redirect 301 /index.php/public/uploads/property-image/300 https://www.especialrentals.com/404



Redirect 301 /terms-and-conditions?page=86&sort=lowprice https://www.especialrentals.com/404

Redirect 301 /index.php/property/detail/69 https://www.especialrentals.com/404
Redirect 301 /terms-and-conditions?page=2 https://www.especialrentals.com/404

Redirect 301 /public/uploads/property_image/495/ https://www.especialrentals.com/404

Redirect 301 /public/uploads/property_image/39/ https://www.especialrentals.com/404

Redirect 301 /index.php/public/uploads/property-image/369 https://www.especialrentals.com/404
Redirect 301 /index.php/public/uploads/property-image/346 https://www.especialrentals.com/404
Redirect 301 /public/uploads/property_image/28/ https://www.especialrentals.com/404
Redirect 301 /public/uploads/property_image/388/ https://www.especialrentals.com/404
Redirect 301 /public/uploads/property_image/318/ https://www.especialrentals.com/404
Redirect 301 /public/uploads/property_image/217/ https://www.especialrentals.com/404
Redirect 301 /public/uploads/property-image/433 https://www.especialrentals.com/404
Redirect 301 /public/uploads/property-image/586 https://www.especialrentals.com/404
Redirect 301 /public/uploads/property_image/273/ https://www.especialrentals.com/404
Redirect 301 /public/uploads/property-image/905 https://www.especialrentals.com/404
Redirect 301 /public/uploads/property-image/99/ https://www.especialrentals.com/404
Redirect 301 /public/uploads/property_image/132/ https://www.especialrentals.com/404
Redirect 301 /public/uploads/property-image/208 https://www.especialrentals.com/404
Redirect 301 /public/uploads/property-image/600/ https://www.especialrentals.com/404
Redirect 301 /public/uploads/property-image/98/  https://www.especialrentals.com/404
Redirect 301 /public/uploads/property_image/132 https://www.especialrentals.com/404
Redirect 301 /public/uploads/property-image/510 https://www.especialrentals.com/404
Redirect 301 /public/uploads/property_image/239 https://www.especialrentals.com/404
Redirect 301 /public/uploads/property_image/330 https://www.especialrentals.com/404
Redirect 301 /public/uploads/property-image/673/ https://www.especialrentals.com/404
Redirect 301 /public/uploads/property_image/214 https://www.especialrentals.com/404
Redirect 301 /public/uploads/property-image/329 https://www.especialrentals.com/404
Redirect 301 /public/uploads/property-image/881 https://www.especialrentals.com/404

Redirect 301 /public/uploads/property-image/373 https://www.especialrentals.com/404
Redirect 301 /public/uploads/property_image/165 https://www.especialrentals.com/404
Redirect 301 /public/uploads/property-image/495 https://www.especialrentals.com/404
Redirect 301 /public/uploads/property_image/166 https://www.especialrentals.com/404
Redirect 301 /public/uploads/property_image/429 https://www.especialrentals.com/404
Redirect 301 /index.php/public/uploads/property-image/428 https://www.especialrentals.com/404
Redirect 301 /public/uploads/property_image/603/241684840.webp https://www.especialrentals.com/404
Redirect 301 /public/uploads/property-image/421 https://www.especialrentals.com/404
Redirect 301 /public/uploads/property_image/421 https://www.especialrentals.com/404
Redirect 301 /public/uploads/property-image/165 https://www.especialrentals.com/404
Redirect 301 /public/uploads/property-image/175 https://www.especialrentals.com/404
Redirect 301 /index.php/public/uploads/property-image/132 https://www.especialrentals.com/404
Redirect 301 /public/public/uploads/property_image/814/1824573021.webp https://www.especialrentals.com/404
Redirect 301 /public/public/uploads/property_image/657/1649756850.webp https://www.especialrentals.com/404
Redirect 301 /public/public/uploads/property_image/145/805353321.webp https://www.especialrentals.com/404
Redirect 301 /public/public/uploads/property_image/814/1326819825.webp https://www.especialrentals.com/404
Redirect 301 /public/public/uploads/property_image/1209/1696820595.webp https://www.especialrentals.com/404
Redirect 301 /public/public/uploads/property_image/807/301785602.webp https://www.especialrentals.com/404
Redirect 301 /public/public/uploads/property_image/528/1515880976.webp https://www.especialrentals.com/404
Redirect 301 /public/public/uploads/property_image/528/1698746756.webp https://www.especialrentals.com/404
Redirect 301 /public/uploads/property_image/263/1156157831.webp https://www.especialrentals.com/404
Redirect 301 /public/uploads/property_image/201/1192853774.webp https://www.especialrentals.com/404
Redirect 301 /public/uploads/property_image/201/1192853774.webp https://www.especialrentals.com/404
Redirect 301 /public/uploads/property-image/373 https://www.especialrentals.com/404
Redirect 301 /public/uploads/property_image/840/732565402.webp https://www.especialrentals.com/404


ErrorDocument 404 /https://www.especialrentals.com/404

# php -- BEGIN cPanel-generated handler, do not edit
# Set the “ea-php74” package as the default “PHP” programming language.
<IfModule mime_module>
  AddHandler application/x-httpd-ea-php74 .php .php7 .phtml
</IfModule>
# php -- END cPanel-generated handler, do not edit
